Workbook

Sheet Summary
A1: Data Collection Sheet — Project 1: CPU Instruction Simulator
A2: Summary rows aggregate all recorded runs per test case (see case sheets for details).
A4: Test Case | B4: Total Cycles | C4: Cycles/Pixel | D4: Cache Hits | E4: Cache Misses | F4: Cache Hit % | G4: Branch Correct | H4: Branch Total | I4: Accuracy % | J4: Est. Full Image (256×256) Cycles
A5: Best Case (All 0) | B5: =SUM('Best Case'!D3:D12) | C5: =IFERROR(AVERAGE('Best Case'!E3:E12),"") | D5: =SUM('Best Case'!F3:F12) | E5: =SUM('Best Case'!G3:G12) | F5: =IFERROR(SUM('Best Case'!F3:F12)/(SUM('Best Case'!F3:F12)+SUM('Best Case'!G3:G12)),"") | G5: =SUM('Best Case'!J3:J12) | H5: =SUM('Best Case'!K3:K12) | I5: =IFERROR(SUM('Best Case'!J3:J12)/SUM('Best Case'!K3:K12),"") | J5: =IFERROR(AVERAGE('Best Case'!E3:E12)*65536,"")
A6: Worst Case (Alternating) | B6: =SUM('Worst Case'!D3:D12) | C6: =IFERROR(AVERAGE('Worst Case'!E3:E12),"") | D6: =SUM('Worst Case'!F3:F12) | E6: =SUM('Worst Case'!G3:G12) | F6: =IFERROR(SUM('Worst Case'!F3:F12)/(SUM('Worst Case'!F3:F12)+SUM('Worst Case'!G3:G12)),"") | G6: =SUM('Worst Case'!J3:J12) | H6: =SUM('Worst Case'!K3:K12) | I6: =IFERROR(SUM('Worst Case'!J3:J12)/SUM('Worst Case'!K3:K12),"") | J6: =IFERROR(AVERAGE('Worst Case'!E3:E12)*65536,"")
A7: Real Case 1 (70% Dark) | B7: =SUM('Real Case 1'!D3:D12) | C7: =IFERROR(AVERAGE('Real Case 1'!E3:E12),"") | D7: =SUM('Real Case 1'!F3:F12) | E7: =SUM('Real Case 1'!G3:G12) | F7: =IFERROR(SUM('Real Case 1'!F3:F12)/(SUM('Real Case 1'!F3:F12)+SUM('Real Case 1'!G3:G12)),"") | G7: =SUM('Real Case 1'!J3:J12) | H7: =SUM('Real Case 1'!K3:K12) | I7: =IFERROR(SUM('Real Case 1'!J3:J12)/SUM('Real Case 1'!K3:K12),"") | J7: =IFERROR(AVERAGE('Real Case 1'!E3:E12)*65536,"")
A8: Real Case 2 (Clustered) | B8: =SUM('Real Case 2'!D3:D12) | C8: =IFERROR(AVERAGE('Real Case 2'!E3:E12),"") | D8: =SUM('Real Case 2'!F3:F12) | E8: =SUM('Real Case 2'!G3:G12) | F8: =IFERROR(SUM('Real Case 2'!F3:F12)/(SUM('Real Case 2'!F3:F12)+SUM('Real Case 2'!G3:G12)),"") | G8: =SUM('Real Case 2'!J3:J12) | H8: =SUM('Real Case 2'!K3:K12) | I8: =IFERROR(SUM('Real Case 2'!J3:J12)/SUM('Real Case 2'!K3:K12),"") | J8: =IFERROR(AVERAGE('Real Case 2'!E3:E12)*65536,"")
A10: Note: Est. Full Image cycles = average Cycles/Pixel × 65,536 (256×256).

Sheet Best Case
A1: Best Case (All 0)
A2: Run ID | B2: Speed (ms/step) | C2: Pixels Processed | D2: Total Cycles | E2: Cycles/Pixel | F2: Cache Hits | G2: Cache Misses | H2: Hit % | I2: Stall Cycles | J2: Branch Correct | K2: Branch Total | L2: Accuracy %
A3: BC-50-R1 | B3: 50 | C3: 16 | D3: 351 | E3: =D3/C3 | F3: 13 | G3: 3 | H3: =F3/(F3+G3) | I3: 141 | J3: 32 | K3: 32 | L3: =J3/K3

Sheet Worst Case
A1: Worst Case (Alternating)
A2: Run ID | B2: Speed (ms/step) | C2: Pixels Processed | D2: Total Cycles | E2: Cycles/Pixel | F2: Cache Hits | G2: Cache Misses | H2: Hit % | I2: Stall Cycles | J2: Branch Correct | K2: Branch Total | L2: Accuracy %
A3: WC-50-R1 | B3: 50 | C3: 16 | D3: 502 | E3: =D3/C3 | F3: 13 | G3: 3 | H3: =F3/(F3+G3) | I3: 276 | J3: 23 | K3: 32 | L3: =J3/K3

Sheet Real Case 1
A1: Real Case 1 (70% Dark)
A2: Run ID | B2: Speed (ms/step) | C2: Pixels Processed | D2: Total Cycles | E2: Cycles/Pixel | F2: Cache Hits | G2: Cache Misses | H2: Hit % | I2: Stall Cycles | J2: Branch Correct | K2: Branch Total | L2: Accuracy %
A3: RC1-50-R1 | B3: 50 | C3: 16 | D3: 406 | E3: =D3/C3 | F3: 13 | G3: 3 | H3: =F3/(F3+G3) | I3: 186 | J3: 29 | K3: 32 | L3: =J3/K3

Sheet Real Case 2
A1: Real Case 2 (Clustered)
A2: Run ID | B2: Speed (ms/step) | C2: Pixels Processed | D2: Total Cycles | E2: Cycles/Pixel | F2: Cache Hits | G2: Cache Misses | H2: Hit % | I2: Stall Cycles | J2: Branch Correct | K2: Branch Total | L2: Accuracy %
A3: RC2-50-R1 | B3: 50 | C3: 16 | D3: 444 | E3: =D3/C3 | F3: 12 | G3: 4 | H3: =F3/(F3+G3) | I3: 218 | J3: 30 | K3: 32 | L3: =J3/K3
